"Mês Ano";"Programa Orçamentário";"Ação Orçamentária";"Valor Empenhado";"Valor Liquidado";"Valor Pago";"Valor Restos a Pagar Pagos";
"10/2017";"2038 - DEMOCRACIA E APERFEICOAMENTO DA GESTAO PUBLICA";"4641 - PUBLICIDADE DE UTILIDADE PUBLICA";"100.000,00";"1.594.764,73";"2.615.505,17";"0,00";
"01/2017";"2038 - DEMOCRACIA E APERFEICOAMENTO DA GESTAO PUBLICA";"4641 - PUBLICIDADE DE UTILIDADE PUBLICA";"4.450.000,00";"0,00";"0,00";"95.038,38";
"12/2017";"2038 - DEMOCRACIA E APERFEICOAMENTO DA GESTAO PUBLICA";"4641 - PUBLICIDADE DE UTILIDADE PUBLICA";"- 258.048,68";"4.720.210,54";"5.435.116,42";"0,00";
"02/2017";"2038 - DEMOCRACIA E APERFEICOAMENTO DA GESTAO PUBLICA";"4641 - PUBLICIDADE DE UTILIDADE PUBLICA";"- 30.000,00";"2.226.488,93";"973.819,17";"342.793,26";
"05/2017";"2038 - DEMOCRACIA E APERFEICOAMENTO DA GESTAO PUBLICA";"4641 - PUBLICIDADE DE UTILIDADE PUBLICA";"4.000.000,00";"1.614.504,47";"2.262.737,51";"212.063,37";
"03/2017";"2038 - DEMOCRACIA E APERFEICOAMENTO DA GESTAO PUBLICA";"4641 - PUBLICIDADE DE UTILIDADE PUBLICA";"1.500.000,00";"747.149,55";"1.993.373,85";"113.970,86";
"08/2017";"2038 - DEMOCRACIA E APERFEICOAMENTO DA GESTAO PUBLICA";"4641 - PUBLICIDADE DE UTILIDADE PUBLICA";"300.000,00";"723.607,43";"2.020.016,91";"0,00";
"11/2017";"2038 - DEMOCRACIA E APERFEICOAMENTO DA GESTAO PUBLICA";"4641 - PUBLICIDADE DE UTILIDADE PUBLICA";"281.515,98";"5.429.983,26";"5.003.166,49";"0,00";
"06/2017";"2038 - DEMOCRACIA E APERFEICOAMENTO DA GESTAO PUBLICA";"4641 - PUBLICIDADE DE UTILIDADE PUBLICA";"5.000.000,00";"386.693,91";"83.190,41";"2.609,96";
"04/2017";"2038 - DEMOCRACIA E APERFEICOAMENTO DA GESTAO PUBLICA";"4641 - PUBLICIDADE DE UTILIDADE PUBLICA";"0,00";"732.183,50";"90.395,92";"5.680,00";
"09/2017";"2038 - DEMOCRACIA E APERFEICOAMENTO DA GESTAO PUBLICA";"4641 - PUBLICIDADE DE UTILIDADE PUBLICA";"13.214.248,02";"3.381.416,19";"3.306.934,27";"0,00";
"07/2017";"2038 - DEMOCRACIA E APERFEICOAMENTO DA GESTAO PUBLICA";"4641 - PUBLICIDADE DE UTILIDADE PUBLICA";"3.450.000,00";"4.787.230,35";"2.559.075,85";"0,00";
"06/2017";"2015 - FORTALECIMENTO DO SISTEMA UNICO DE SAUDE (SUS)";"4641 - PUBLICIDADE DE UTILIDADE PUBLICA";"0,00";"0,00";"0,00";"46.873,59";
"02/2017";"2015 - FORTALECIMENTO DO SISTEMA UNICO DE SAUDE (SUS)";"4641 - PUBLICIDADE DE UTILIDADE PUBLICA";"0,00";"0,00";"0,00";"79.797,41";
"07/2017";"2015 - FORTALECIMENTO DO SISTEMA UNICO DE SAUDE (SUS)";"4641 - PUBLICIDADE DE UTILIDADE PUBLICA";"0,00";"0,00";"0,00";"53.102,96";
"01/2017";"2015 - FORTALECIMENTO DO SISTEMA UNICO DE SAUDE (SUS)";"4641 - PUBLICIDADE DE UTILIDADE PUBLICA";"0,00";"0,00";"0,00";"128.932,48";
"10/2017";"2015 - FORTALECIMENTO DO SISTEMA UNICO DE SAUDE (SUS)";"4641 - PUBLICIDADE DE UTILIDADE PUBLICA";"0,00";"0,00";"0,00";"58.900,35";
"03/2017";"2015 - FORTALECIMENTO DO SISTEMA UNICO DE SAUDE (SUS)";"4641 - PUBLICIDADE DE UTILIDADE PUBLICA";"0,00";"0,00";"0,00";"357.491,72";
"05/2017";"2015 - FORTALECIMENTO DO SISTEMA UNICO DE SAUDE (SUS)";"4641 - PUBLICIDADE DE UTILIDADE PUBLICA";"0,00";"0,00";"0,00";"87.190,77";
"11/2017";"2015 - FORTALECIMENTO DO SISTEMA UNICO DE SAUDE (SUS)";"4641 - PUBLICIDADE DE UTILIDADE PUBLICA";"0,00";"0,00";"0,00";"65.520,98";
"12/2017";"2015 - FORTALECIMENTO DO SISTEMA UNICO DE SAUDE (SUS)";"4641 - PUBLICIDADE DE UTILIDADE PUBLICA";"0,00";"0,00";"0,00";"8.449,10";
"04/2017";"2015 - FORTALECIMENTO DO SISTEMA UNICO DE SAUDE (SUS)";"4641 - PUBLICIDADE DE UTILIDADE PUBLICA";"0,00";"0,00";"0,00";"54.021,65";
"12/2017";"2039 - GESTAO DA POLITICA ECONOMICA, GARANTIA DA ESTABILIDADE DO SI";"4641 - PUBLICIDADE DE UTILIDADE PUBLICA";"192.949,54";"193.140,80";"193.140,80";"0,00";
"01/2017";"2039 - GESTAO DA POLITICA ECONOMICA, GARANTIA DA ESTABILIDADE DO SI";"4641 - PUBLICIDADE DE UTILIDADE PUBLICA";"160.482,69";"135.055,99";"135.055,99";"0,00";
"02/2017";"2039 - GESTAO DA POLITICA ECONOMICA, GARANTIA DA ESTABILIDADE DO SI";"4641 - PUBLICIDADE DE UTILIDADE PUBLICA";"38.000,19";"63.235,63";"63.235,63";"0,00";
"11/2017";"2016 - POLITICAS PARA AS MULHERES: PROMOCAO DA IGUALDADE E ENFRENTA";"4641 - PUBLICIDADE DE UTILIDADE PUBLICA";"0,00";"0,00";"0,00";"22.054,35";
"10/2017";"2016 - POLITICAS PARA AS MULHERES: PROMOCAO DA IGUALDADE E ENFRENTA";"4641 - PUBLICIDADE DE UTILIDADE PUBLICA";"0,00";"0,00";"0,00";"17.794,95";
"03/2017";"2016 - POLITICAS PARA AS MULHERES: PROMOCAO DA IGUALDADE E ENFRENTA";"4641 - PUBLICIDADE DE UTILIDADE PUBLICA";"0,00";"0,00";"0,00";"12.613,51";
"07/2017";"2016 - POLITICAS PARA AS MULHERES: PROMOCAO DA IGUALDADE E ENFRENTA";"4641 - PUBLICIDADE DE UTILIDADE PUBLICA";"0,00";"0,00";"0,00";"13.148,19";
"12/2017";"2016 - POLITICAS PARA AS MULHERES: PROMOCAO DA IGUALDADE E ENFRENTA";"4641 - PUBLICIDADE DE UTILIDADE PUBLICA";"3.999.998,00";"0,00";"0,00";"0,00";
"09/2017";"2016 - POLITICAS PARA AS MULHERES: PROMOCAO DA IGUALDADE E ENFRENTA";"4641 - PUBLICIDADE DE UTILIDADE PUBLICA";"0,00";"0,00";"0,00";"20.219,69";
"06/2017";"2016 - POLITICAS PARA AS MULHERES: PROMOCAO DA IGUALDADE E ENFRENTA";"4641 - PUBLICIDADE DE UTILIDADE PUBLICA";"0,00";"0,00";"0,00";"141.990,54";
"01/2017";"2101 - PROGRAMA DE GESTAO E MANUTENCAO DA PRESIDENCIA DA REPUBLICA";"4641 - PUBLICIDADE DE UTILIDADE PUBLICA";"0,00";"0,00";"0,00";"22.434,32";
"12/2017";"2101 - PROGRAMA DE GESTAO E MANUTENCAO DA PRESIDENCIA DA REPUBLICA";"4641 - PUBLICIDADE DE UTILIDADE PUBLICA";"0,00";"0,00";"0,00";"1.710,00";
"07/2017";"2101 - PROGRAMA DE GESTAO E MANUTENCAO DA PRESIDENCIA DA REPUBLICA";"4641 - PUBLICIDADE DE UTILIDADE PUBLICA";"0,00";"0,00";"0,00";"2.913,84";
"10/2017";"2101 - PROGRAMA DE GESTAO E MANUTENCAO DA PRESIDENCIA DA REPUBLICA";"4641 - PUBLICIDADE DE UTILIDADE PUBLICA";"0,00";"0,00";"0,00";"21.777,07";
"09/2017";"2101 - PROGRAMA DE GESTAO E MANUTENCAO DA PRESIDENCIA DA REPUBLICA";"4641 - PUBLICIDADE DE UTILIDADE PUBLICA";"0,00";"0,00";"0,00";"21.085,64";
"02/2017";"2101 - PROGRAMA DE GESTAO E MANUTENCAO DA PRESIDENCIA DA REPUBLICA";"4641 - PUBLICIDADE DE UTILIDADE PUBLICA";"0,00";"0,00";"0,00";"35.403,27";
"06/2017";"2101 - PROGRAMA DE GESTAO E MANUTENCAO DA PRESIDENCIA DA REPUBLICA";"4641 - PUBLICIDADE DE UTILIDADE PUBLICA";"0,00";"0,00";"0,00";"53.643,58";
"04/2017";"2101 - PROGRAMA DE GESTAO E MANUTENCAO DA PRESIDENCIA DA REPUBLICA";"4641 - PUBLICIDADE DE UTILIDADE PUBLICA";"0,00";"0,00";"0,00";"10.787,82";
"11/2017";"2101 - PROGRAMA DE GESTAO E MANUTENCAO DA PRESIDENCIA DA REPUBLICA";"4641 - PUBLICIDADE DE UTILIDADE PUBLICA";"0,00";"0,00";"0,00";"17.368,14";
"08/2017";"2101 - PROGRAMA DE GESTAO E MANUTENCAO DA PRESIDENCIA DA REPUBLICA";"4641 - PUBLICIDADE DE UTILIDADE PUBLICA";"0,00";"0,00";"0,00";"542,22";
"03/2017";"2101 - PROGRAMA DE GESTAO E MANUTENCAO DA PRESIDENCIA DA REPUBLICA";"4641 - PUBLICIDADE DE UTILIDADE PUBLICA";"0,00";"0,00";"0,00";"17.534,74";
"05/2017";"2101 - PROGRAMA DE GESTAO E MANUTENCAO DA PRESIDENCIA DA REPUBLICA";"4641 - PUBLICIDADE DE UTILIDADE PUBLICA";"0,00";"0,00";"0,00";"172.480,12";
"02/2017";"2103 - PROGRAMA DE GESTAO E MANUTENCAO DA SECRETARIA DE POLITICAS D";"4641 - PUBLICIDADE DE UTILIDADE PUBLICA";"0,00";"0,00";"0,00";"53.832,65";
"03/2017";"2103 - PROGRAMA DE GESTAO E MANUTENCAO DA SECRETARIA DE POLITICAS D";"4641 - PUBLICIDADE DE UTILIDADE PUBLICA";"0,00";"0,00";"0,00";"55.470,22";
"08/2017";"2103 - PROGRAMA DE GESTAO E MANUTENCAO DA SECRETARIA DE POLITICAS D";"4641 - PUBLICIDADE DE UTILIDADE PUBLICA";"0,00";"0,00";"0,00";"2.128,00";
"01/2017";"2132 - PROGRAMA DE GESTAO E MANUTENCAO DAS MULHERES, DA IGUALDADE R";"4641 - PUBLICIDADE DE UTILIDADE PUBLICA";"0,00";"0,00";"0,00";"255,70";
"02/2017";"2132 - PROGRAMA DE GESTAO E MANUTENCAO DAS MULHERES, DA IGUALDADE R";"4641 - PUBLICIDADE DE UTILIDADE PUBLICA";"0,00";"0,00";"0,00";"93.550,00";
"01/2017";"2105 - PROGRAMA DE GESTAO E MANUTENCAO DO MINISTERIO DA AGRICULTURA";"4641 - PUBLICIDADE DE UTILIDADE PUBLICA";"33.748,28";"0,00";"0,00";"228.126,00";
"04/2017";"2105 - PROGRAMA DE GESTAO E MANUTENCAO DO MINISTERIO DA AGRICULTURA";"4641 - PUBLICIDADE DE UTILIDADE PUBLICA";"1.020.328,62";"2.812,35";"2.703,51";"53.342,60";
"02/2017";"2105 - PROGRAMA DE GESTAO E MANUTENCAO DO MINISTERIO DA AGRICULTURA";"4641 - PUBLICIDADE DE UTILIDADE PUBLICA";"0,00";"0,00";"0,00";"916.694,00";
"07/2017";"2105 - PROGRAMA DE GESTAO E MANUTENCAO DO MINISTERIO DA AGRICULTURA";"4641 - PUBLICIDADE DE UTILIDADE PUBLICA";"0,00";"2.095.515,52";"886.356,07";"187.244,19";
"05/2017";"2105 - PROGRAMA DE GESTAO E MANUTENCAO DO MINISTERIO DA AGRICULTURA";"4641 - PUBLICIDADE DE UTILIDADE PUBLICA";"0,00";"550.135,30";"3.702,74";"1.785,98";
"09/2017";"2105 - PROGRAMA DE GESTAO E MANUTENCAO DO MINISTERIO DA AGRICULTURA";"4641 - PUBLICIDADE DE UTILIDADE PUBLICA";"0,00";"395.871,85";"436.290,68";"48.149,57";
"06/2017";"2105 - PROGRAMA DE GESTAO E MANUTENCAO DO MINISTERIO DA AGRICULTURA";"4641 - PUBLICIDADE DE UTILIDADE PUBLICA";"3.376.359,58";"137.982,47";"684.415,03";"340.852,96";
"03/2017";"2105 - PROGRAMA DE GESTAO E MANUTENCAO DO MINISTERIO DA AGRICULTURA";"4641 - PUBLICIDADE DE UTILIDADE PUBLICA";"25.000,00";"0,00";"0,00";"629.824,85";
"11/2017";"2105 - PROGRAMA DE GESTAO E MANUTENCAO DO MINISTERIO DA AGRICULTURA";"4641 - PUBLICIDADE DE UTILIDADE PUBLICA";"1.492.900,75";"229.585,69";"182.643,36";"36.655,96";
"10/2017";"2105 - PROGRAMA DE GESTAO E MANUTENCAO DO MINISTERIO DA AGRICULTURA";"4641 - PUBLICIDADE DE UTILIDADE PUBLICA";"353.090,28";"3.442,35";"205.702,31";"27.115,26";
"08/2017";"2105 - PROGRAMA DE GESTAO E MANUTENCAO DO MINISTERIO DA AGRICULTURA";"4641 - PUBLICIDADE DE UTILIDADE PUBLICA";"93.000,00";"663.750,25";"1.630.203,75";"188.350,61";
"12/2017";"2105 - PROGRAMA DE GESTAO E MANUTENCAO DO MINISTERIO DA AGRICULTURA";"4641 - PUBLICIDADE DE UTILIDADE PUBLICA";"4.735.591,22";"2.759.920,89";"2.806.999,22";"54.809,59";
"11/2017";"2106 - PROGRAMA DE GESTAO E MANUTENCAO DO MINISTERIO DA CIENCIA, TE";"4641 - PUBLICIDADE DE UTILIDADE PUBLICA";"766.000,00";"788.011,72";"788.011,72";"0,00";
"12/2017";"2106 - PROGRAMA DE GESTAO E MANUTENCAO DO MINISTERIO DA CIENCIA, TE";"4641 - PUBLICIDADE DE UTILIDADE PUBLICA";"0,00";"1.428.460,04";"1.428.460,04";"0,00";
"02/2017";"2106 - PROGRAMA DE GESTAO E MANUTENCAO DO MINISTERIO DA CIENCIA, TE";"4641 - PUBLICIDADE DE UTILIDADE PUBLICA";"777.777,77";"0,00";"0,00";"5.457,25";
"01/2017";"2106 - PROGRAMA DE GESTAO E MANUTENCAO DO MINISTERIO DA CIENCIA, TE";"4641 - PUBLICIDADE DE UTILIDADE PUBLICA";"0,00";"0,00";"0,00";"1.164.662,25";
"09/2017";"2106 - PROGRAMA DE GESTAO E MANUTENCAO DO MINISTERIO DA CIENCIA, TE";"4641 - PUBLICIDADE DE UTILIDADE PUBLICA";"320.000,00";"99.302,69";"99.302,69";"0,00";
"10/2017";"2106 - PROGRAMA DE GESTAO E MANUTENCAO DO MINISTERIO DA CIENCIA, TE";"4641 - PUBLICIDADE DE UTILIDADE PUBLICA";"800.000,00";"1.116.182,80";"1.116.182,80";"0,00";
"07/2017";"2106 - PROGRAMA DE GESTAO E MANUTENCAO DO MINISTERIO DA CIENCIA, TE";"4641 - PUBLICIDADE DE UTILIDADE PUBLICA";"0,00";"579.787,66";"580.938,02";"0,00";
"06/2017";"2106 - PROGRAMA DE GESTAO E MANUTENCAO DO MINISTERIO DA CIENCIA, TE";"4641 - PUBLICIDADE DE UTILIDADE PUBLICA";"499.999,99";"- 138.217,46";"- 162.956,61";"0,00";
"05/2017";"2106 - PROGRAMA DE GESTAO E MANUTENCAO DO MINISTERIO DA CIENCIA, TE";"4641 - PUBLICIDADE DE UTILIDADE PUBLICA";"518.614,89";"834.176,93";"834.176,93";"0,00";
"03/2017";"2106 - PROGRAMA DE GESTAO E MANUTENCAO DO MINISTERIO DA CIENCIA, TE";"4641 - PUBLICIDADE DE UTILIDADE PUBLICA";"776.717,01";"393.232,99";"393.232,99";"29.829,08";
"08/2017";"2106 - PROGRAMA DE GESTAO E MANUTENCAO DO MINISTERIO DA CIENCIA, TE";"4641 - PUBLICIDADE DE UTILIDADE PUBLICA";"1.372.191,86";"302.732,19";"326.320,98";"0,00";
"04/2017";"2106 - PROGRAMA DE GESTAO E MANUTENCAO DO MINISTERIO DA CIENCIA, TE";"4641 - PUBLICIDADE DE UTILIDADE PUBLICA";"517.714,89";"595.719,11";"595.719,11";"500.564,74";
"03/2017";"2107 - PROGRAMA DE GESTAO E MANUTENCAO DO MINISTERIO DA CULTURA";"4641 - PUBLICIDADE DE UTILIDADE PUBLICA";"- 136.278,61";"106.964,19";"106.964,19";"1.507.544,62";
"04/2017";"2107 - PROGRAMA DE GESTAO E MANUTENCAO DO MINISTERIO DA CULTURA";"4641 - PUBLICIDADE DE UTILIDADE PUBLICA";"1.266.589,86";"0,00";"0,00";"243.444,82";
"07/2017";"2107 - PROGRAMA DE GESTAO E MANUTENCAO DO MINISTERIO DA CULTURA";"4641 - PUBLICIDADE DE UTILIDADE PUBLICA";"0,00";"0,00";"0,00";"167.423,81";
"08/2017";"2107 - PROGRAMA DE GESTAO E MANUTENCAO DO MINISTERIO DA CULTURA";"4641 - PUBLICIDADE DE UTILIDADE PUBLICA";"0,00";"149.500,49";"149.500,49";"23.310,00";
"02/2017";"2107 - PROGRAMA DE GESTAO E MANUTENCAO DO MINISTERIO DA CULTURA";"4641 - PUBLICIDADE DE UTILIDADE PUBLICA";"1.237.236,00";"0,00";"0,00";"1.939.689,67";
"11/2017";"2107 - PROGRAMA DE GESTAO E MANUTENCAO DO MINISTERIO DA CULTURA";"4641 - PUBLICIDADE DE UTILIDADE PUBLICA";"2.021.485,00";"0,00";"224.201,55";"106.830,70";
"06/2017";"2107 - PROGRAMA DE GESTAO E MANUTENCAO DO MINISTERIO DA CULTURA";"4641 - PUBLICIDADE DE UTILIDADE PUBLICA";"0,00";"59.964,36";"59.964,36";"8.787,48";
"05/2017";"2107 - PROGRAMA DE GESTAO E MANUTENCAO DO MINISTERIO DA CULTURA";"4641 - PUBLICIDADE DE UTILIDADE PUBLICA";"0,00";"0,00";"0,00";"383.936,47";
"01/2017";"2107 - PROGRAMA DE GESTAO E MANUTENCAO DO MINISTERIO DA CULTURA";"4641 - PUBLICIDADE DE UTILIDADE PUBLICA";"0,00";"0,00";"0,00";"406.780,00";
"10/2017";"2107 - PROGRAMA DE GESTAO E MANUTENCAO DO MINISTERIO DA CULTURA";"4641 - PUBLICIDADE DE UTILIDADE PUBLICA";"100.000,00";"891.677,48";"154.030,13";"0,00";
"12/2017";"2107 - PROGRAMA DE GESTAO E MANUTENCAO DO MINISTERIO DA CULTURA";"4641 - PUBLICIDADE DE UTILIDADE PUBLICA";"0,00";"157.266,29";"693.093,79";"0,00";
"09/2017";"2107 - PROGRAMA DE GESTAO E MANUTENCAO DO MINISTERIO DA CULTURA";"4641 - PUBLICIDADE DE UTILIDADE PUBLICA";"1.269.688,75";"22.381,70";"0,00";"366.001,20";
"08/2017";"2108 - PROGRAMA DE GESTAO E MANUTENCAO DO MINISTERIO DA DEFESA";"4641 - PUBLICIDADE DE UTILIDADE PUBLICA";"97.292,46";"285.108,58";"130.123,96";"37.200,00";
"03/2017";"2108 - PROGRAMA DE GESTAO E MANUTENCAO DO MINISTERIO DA DEFESA";"4641 - PUBLICIDADE DE UTILIDADE PUBLICA";"143.042,00";"85.617,91";"85.617,91";"21.610,00";
"05/2017";"2108 - PROGRAMA DE GESTAO E MANUTENCAO DO MINISTERIO DA DEFESA";"4641 - PUBLICIDADE DE UTILIDADE PUBLICA";"442.086,00";"45.839,06";"66.330,17";"0,00";
"01/2017";"2108 - PROGRAMA DE GESTAO E MANUTENCAO DO MINISTERIO DA DEFESA";"4641 - PUBLICIDADE DE UTILIDADE PUBLICA";"0,00";"0,00";"0,00";"38.518,28";
"11/2017";"2108 - PROGRAMA DE GESTAO E MANUTENCAO DO MINISTERIO DA DEFESA";"4641 - PUBLICIDADE DE UTILIDADE PUBLICA";"249.144,78";"100.793,57";"99.106,54";"0,00";
"04/2017";"2108 - PROGRAMA DE GESTAO E MANUTENCAO DO MINISTERIO DA DEFESA";"4641 - PUBLICIDADE DE UTILIDADE PUBLICA";"12.375,00";"66.330,17";"0,00";"70.865,40";
"02/2017";"2108 - PROGRAMA DE GESTAO E MANUTENCAO DO MINISTERIO DA DEFESA";"4641 - PUBLICIDADE DE UTILIDADE PUBLICA";"83.219,80";"0,00";"0,00";"116.575,10";
"10/2017";"2108 - PROGRAMA DE GESTAO E MANUTENCAO DO MINISTERIO DA DEFESA";"4641 - PUBLICIDADE DE UTILIDADE PUBLICA";"133.711,94";"50.174,81";"206.577,78";"1.100,00";
"09/2017";"2108 - PROGRAMA DE GESTAO E MANUTENCAO DO MINISTERIO DA DEFESA";"4641 - PUBLICIDADE DE UTILIDADE PUBLICA";"138.130,00";"97.785,18";"173.758,58";"0,00";
"06/2017";"2108 - PROGRAMA DE GESTAO E MANUTENCAO DO MINISTERIO DA DEFESA";"4641 - PUBLICIDADE DE UTILIDADE PUBLICA";"393.509,82";"68.523,17";"45.839,06";"49.324,00";
"07/2017";"2108 - PROGRAMA DE GESTAO E MANUTENCAO DO MINISTERIO DA DEFESA";"4641 - PUBLICIDADE DE UTILIDADE PUBLICA";"136.984,00";"122.973,96";"67.523,17";"380,00";
"12/2017";"2108 - PROGRAMA DE GESTAO E MANUTENCAO DO MINISTERIO DA DEFESA";"4641 - PUBLICIDADE DE UTILIDADE PUBLICA";"102.655,56";"281.536,28";"325.317,52";"0,00";
"06/2017";"2109 - PROGRAMA DE GESTAO E MANUTENCAO DO MINISTERIO DA EDUCACAO";"4641 - PUBLICIDADE DE UTILIDADE PUBLICA";"500.000,00";"230.560,36";"208.325,62";"12.450,70";
"05/2017";"2109 - PROGRAMA DE GESTAO E MANUTENCAO DO MINISTERIO DA EDUCACAO";"4641 - PUBLICIDADE DE UTILIDADE PUBLICA";"11.000,00";"3.184.434,13";"3.193.945,01";"363.919,03";
"01/2017";"2109 - PROGRAMA DE GESTAO E MANUTENCAO DO MINISTERIO DA EDUCACAO";"4641 - PUBLICIDADE DE UTILIDADE PUBLICA";"1.144.444,44";"0,00";"0,00";"1.984.401,74";
"12/2017";"2109 - PROGRAMA DE GESTAO E MANUTENCAO DO MINISTERIO DA EDUCACAO";"4641 - PUBLICIDADE DE UTILIDADE PUBLICA";"5.254.256,76";"2.365.800,49";"3.301.348,04";"0,00";
"04/2017";"2109 - PROGRAMA DE GESTAO E MANUTENCAO DO MINISTERIO DA EDUCACAO";"4641 - PUBLICIDADE DE UTILIDADE PUBLICA";"1.796.666,68";"1.130.076,83";"1.117.990,95";"608.448,12";
"09/2017";"2109 - PROGRAMA DE GESTAO E MANUTENCAO DO MINISTERIO DA EDUCACAO";"4641 - PUBLICIDADE DE UTILIDADE PUBLICA";"15.559.000,00";"4.126.238,02";"5.034.747,07";"40.511,53";
"07/2017";"2109 - PROGRAMA DE GESTAO E MANUTENCAO DO MINISTERIO DA EDUCACAO";"4641 - PUBLICIDADE DE UTILIDADE PUBLICA";"0,00";"214.439,53";"166.507,87";"4.554,16";
"02/2017";"2109 - PROGRAMA DE GESTAO E MANUTENCAO DO MINISTERIO DA EDUCACAO";"4641 - PUBLICIDADE DE UTILIDADE PUBLICA";"0,00";"932.748,82";"932.748,82";"3.777.761,16";
"11/2017";"2109 - PROGRAMA DE GESTAO E MANUTENCAO DO MINISTERIO DA EDUCACAO";"4641 - PUBLICIDADE DE UTILIDADE PUBLICA";"2.787.160,00";"5.250.539,28";"4.982.407,89";"24.557,47";
"08/2017";"2109 - PROGRAMA DE GESTAO E MANUTENCAO DO MINISTERIO DA EDUCACAO";"4641 - PUBLICIDADE DE UTILIDADE PUBLICA";"2.630.000,00";"3.447.514,73";"2.611.747,08";"24.518,40";
"03/2017";"2109 - PROGRAMA DE GESTAO E MANUTENCAO DO MINISTERIO DA EDUCACAO";"4641 - PUBLICIDADE DE UTILIDADE PUBLICA";"4.928.888,88";"709.736,84";"709.736,84";"683.422,97";
"10/2017";"2109 - PROGRAMA DE GESTAO E MANUTENCAO DO MINISTERIO DA EDUCACAO";"4641 - PUBLICIDADE DE UTILIDADE PUBLICA";"257.840,00";"3.211.034,40";"2.543.618,24";"1.694,87";
"11/2017";"2112 - PROGRAMA DE GESTAO E MANUTENCAO DO MINISTERIO DA JUSTICA E S";"4641 - PUBLICIDADE DE UTILIDADE PUBLICA";"139.308,93";"3.919,03";"3.919,03";"0,00";
"08/2017";"2112 - PROGRAMA DE GESTAO E MANUTENCAO DO MINISTERIO DA JUSTICA E S";"4641 - PUBLICIDADE DE UTILIDADE PUBLICA";"79,77";"24.971,94";"24.971,94";"0,00";
"12/2017";"2112 - PROGRAMA DE GESTAO E MANUTENCAO DO MINISTERIO DA JUSTICA E S";"4641 - PUBLICIDADE DE UTILIDADE PUBLICA";"572.817,16";"0,00";"0,00";"0,00";
"09/2017";"2112 - PROGRAMA DE GESTAO E MANUTENCAO DO MINISTERIO DA JUSTICA E S";"4641 - PUBLICIDADE DE UTILIDADE PUBLICA";"462,69";"32.531,47";"32.531,47";"0,00";
"03/2017";"2112 - PROGRAMA DE GESTAO E MANUTENCAO DO MINISTERIO DA JUSTICA E S";"4641 - PUBLICIDADE DE UTILIDADE PUBLICA";"8.988.447,87";"12.104,20";"12.104,20";"903,30";
"05/2017";"2112 - PROGRAMA DE GESTAO E MANUTENCAO DO MINISTERIO DA JUSTICA E S";"4641 - PUBLICIDADE DE UTILIDADE PUBLICA";"270,00";"3.182.332,66";"3.182.332,66";"13.082,95";
"10/2017";"2112 - PROGRAMA DE GESTAO E MANUTENCAO DO MINISTERIO DA JUSTICA E S";"4641 - PUBLICIDADE DE UTILIDADE PUBLICA";"8.232,31";"11.478,74";"11.478,74";"0,00";
"06/2017";"2112 - PROGRAMA DE GESTAO E MANUTENCAO DO MINISTERIO DA JUSTICA E S";"4641 - PUBLICIDADE DE UTILIDADE PUBLICA";"0,00";"5.539.412,02";"5.539.412,02";"0,00";
"07/2017";"2112 - PROGRAMA DE GESTAO E MANUTENCAO DO MINISTERIO DA JUSTICA E S";"4641 - PUBLICIDADE DE UTILIDADE PUBLICA";"39.953,25";"130.956,05";"130.956,05";"0,00";
"04/2017";"2112 - PROGRAMA DE GESTAO E MANUTENCAO DO MINISTERIO DA JUSTICA E S";"4641 - PUBLICIDADE DE UTILIDADE PUBLICA";"540,00";"0,00";"0,00";"643.138,59";
"02/2017";"2112 - PROGRAMA DE GESTAO E MANUTENCAO DO MINISTERIO DA JUSTICA E S";"4641 - PUBLICIDADE DE UTILIDADE PUBLICA";"20.000,00";"0,00";"0,00";"0,00";
"07/2017";"2115 - PROGRAMA DE GESTAO E MANUTENCAO DO MINISTERIO DA SAUDE";"4641 - PUBLICIDADE DE UTILIDADE PUBLICA";"73.449.883,07";"44.103.760,17";"40.843.694,52";"1.566.760,71";
"06/2017";"2115 - PROGRAMA DE GESTAO E MANUTENCAO DO MINISTERIO DA SAUDE";"4641 - PUBLICIDADE DE UTILIDADE PUBLICA";"730.000,00";"23.985.230,66";"23.760.540,96";"1.169.874,33";
"09/2017";"2115 - PROGRAMA DE GESTAO E MANUTENCAO DO MINISTERIO DA SAUDE";"4641 - PUBLICIDADE DE UTILIDADE PUBLICA";"3.239.999,00";"13.028.137,58";"13.746.503,86";"327.301,75";
"10/2017";"2115 - PROGRAMA DE GESTAO E MANUTENCAO DO MINISTERIO DA SAUDE";"4641 - PUBLICIDADE DE UTILIDADE PUBLICA";"7.978.991,35";"14.626.060,10";"12.769.877,02";"416.942,54";
"08/2017";"2115 - PROGRAMA DE GESTAO E MANUTENCAO DO MINISTERIO DA SAUDE";"4641 - PUBLICIDADE DE UTILIDADE PUBLICA";"398.992,00";"32.959.730,71";"36.042.962,71";"71.680,77";
"05/2017";"2115 - PROGRAMA DE GESTAO E MANUTENCAO DO MINISTERIO DA SAUDE";"4641 - PUBLICIDADE DE UTILIDADE PUBLICA";"100.609.760,34";"23.080.495,74";"22.311.326,83";"2.866.747,32";
"11/2017";"2115 - PROGRAMA DE GESTAO E MANUTENCAO DO MINISTERIO DA SAUDE";"4641 - PUBLICIDADE DE UTILIDADE PUBLICA";"725.000,00";"18.417.525,62";"18.476.597,16";"311.118,67";
"01/2017";"2115 - PROGRAMA DE GESTAO E MANUTENCAO DO MINISTERIO DA SAUDE";"4641 - PUBLICIDADE DE UTILIDADE PUBLICA";"400.000,00";"0,00";"0,00";"11.591.911,22";
"12/2017";"2115 - PROGRAMA DE GESTAO E MANUTENCAO DO MINISTERIO DA SAUDE";"4641 - PUBLICIDADE DE UTILIDADE PUBLICA";"41.550.000,00";"17.228.121,88";"17.621.028,39";"96.826,96";
"04/2017";"2115 - PROGRAMA DE GESTAO E MANUTENCAO DO MINISTERIO DA SAUDE";"4641 - PUBLICIDADE DE UTILIDADE PUBLICA";"11.698.365,24";"9.818.385,92";"9.559.876,44";"6.227.548,99";
"03/2017";"2115 - PROGRAMA DE GESTAO E MANUTENCAO DO MINISTERIO DA SAUDE";"4641 - PUBLICIDADE DE UTILIDADE PUBLICA";"11.573.001,00";"4.892.456,33";"4.892.456,33";"9.629.752,92";
"02/2017";"2115 - PROGRAMA DE GESTAO E MANUTENCAO DO MINISTERIO DA SAUDE";"4641 - PUBLICIDADE DE UTILIDADE PUBLICA";"0,00";"0,00";"0,00";"11.947.138,41";
"05/2017";"2116 - PROGRAMA DE GESTAO E MANUTENCAO DO MINISTERIO DAS CIDADES";"4641 - PUBLICIDADE DE UTILIDADE PUBLICA";"0,00";"0,00";"0,00";"65.132,92";
"06/2017";"2116 - PROGRAMA DE GESTAO E MANUTENCAO DO MINISTERIO DAS CIDADES";"4641 - PUBLICIDADE DE UTILIDADE PUBLICA";"15.673,45";"0,00";"0,00";"38.835,74";
"07/2017";"2116 - PROGRAMA DE GESTAO E MANUTENCAO DO MINISTERIO DAS CIDADES";"4641 - PUBLICIDADE DE UTILIDADE PUBLICA";"1.296,00";"0,00";"0,00";"4.571,60";
"11/2017";"2116 - PROGRAMA DE GESTAO E MANUTENCAO DO MINISTERIO DAS CIDADES";"4641 - PUBLICIDADE DE UTILIDADE PUBLICA";"17.303,00";"37.974,82";"19.494,82";"7.200,00";
"08/2017";"2116 - PROGRAMA DE GESTAO E MANUTENCAO DO MINISTERIO DAS CIDADES";"4641 - PUBLICIDADE DE UTILIDADE PUBLICA";"0,00";"0,00";"0,00";"35.734,30";
"02/2017";"2116 - PROGRAMA DE GESTAO E MANUTENCAO DO MINISTERIO DAS CIDADES";"4641 - PUBLICIDADE DE UTILIDADE PUBLICA";"0,00";"0,00";"0,00";"17.895,50";
"03/2017";"2116 - PROGRAMA DE GESTAO E MANUTENCAO DO MINISTERIO DAS CIDADES";"4641 - PUBLICIDADE DE UTILIDADE PUBLICA";"0,00";"0,00";"0,00";"28.381,20";
"04/2017";"2116 - PROGRAMA DE GESTAO E MANUTENCAO DO MINISTERIO DAS CIDADES";"4641 - PUBLICIDADE DE UTILIDADE PUBLICA";"0,00";"0,00";"0,00";"47.584,31";
"12/2017";"2116 - PROGRAMA DE GESTAO E MANUTENCAO DO MINISTERIO DAS CIDADES";"4641 - PUBLICIDADE DE UTILIDADE PUBLICA";"15.156.395,50";"15.962,00";"34.442,00";"4.590,50";
"01/2017";"2116 - PROGRAMA DE GESTAO E MANUTENCAO DO MINISTERIO DAS CIDADES";"4641 - PUBLICIDADE DE UTILIDADE PUBLICA";"0,00";"0,00";"0,00";"1.065,05";
"09/2017";"2116 - PROGRAMA DE GESTAO E MANUTENCAO DO MINISTERIO DAS CIDADES";"4641 - PUBLICIDADE DE UTILIDADE PUBLICA";"94.840,00";"12.167,61";"12.138,45";"1.473.091,42";
"10/2017";"2116 - PROGRAMA DE GESTAO E MANUTENCAO DO MINISTERIO DAS CIDADES";"4641 - PUBLICIDADE DE UTILIDADE PUBLICA";"25.385,00";"3.738,00";"3.767,16";"25.370,00";
"04/2017";"2117 - PROGRAMA DE GESTAO E MANUTENCAO DO MINISTERIO DAS COMUNICACO";"4641 - PUBLICIDADE DE UTILIDADE PUBLICA";"0,00";"0,00";"0,00";"62.638,37";
"07/2017";"2117 - PROGRAMA DE GESTAO E MANUTENCAO DO MINISTERIO DAS COMUNICACO";"4641 - PUBLICIDADE DE UTILIDADE PUBLICA";"0,00";"0,00";"0,00";"1.438,25";
"06/2017";"2117 - PROGRAMA DE GESTAO E MANUTENCAO DO MINISTERIO DAS COMUNICACO";"4641 - PUBLICIDADE DE UTILIDADE PUBLICA";"0,00";"0,00";"0,00";"394.808,26";
"03/2017";"2117 - PROGRAMA DE GESTAO E MANUTENCAO DO MINISTERIO DAS COMUNICACO";"4641 - PUBLICIDADE DE UTILIDADE PUBLICA";"0,00";"0,00";"0,00";"158.702,97";
"02/2017";"2117 - PROGRAMA DE GESTAO E MANUTENCAO DO MINISTERIO DAS COMUNICACO";"4641 - PUBLICIDADE DE UTILIDADE PUBLICA";"0,00";"0,00";"0,00";"150.869,51";
"01/2017";"2117 - PROGRAMA DE GESTAO E MANUTENCAO DO MINISTERIO DAS COMUNICACO";"4641 - PUBLICIDADE DE UTILIDADE PUBLICA";"0,00";"0,00";"0,00";"9.356,59";
"04/2017";"2119 - PROGRAMA DE GESTAO E MANUTENCAO DO MINISTERIO DE MINAS E ENE";"4641 - PUBLICIDADE DE UTILIDADE PUBLICA";"129.711,66";"0,00";"0,00";"0,00";
"02/2017";"2119 - PROGRAMA DE GESTAO E MANUTENCAO DO MINISTERIO DE MINAS E ENE";"4641 - PUBLICIDADE DE UTILIDADE PUBLICA";"63.785,83";"63.785,83";"63.785,83";"0,00";
"05/2017";"2119 - PROGRAMA DE GESTAO E MANUTENCAO DO MINISTERIO DE MINAS E ENE";"4641 - PUBLICIDADE DE UTILIDADE PUBLICA";"0,00";"174.335,53";"174.335,53";"0,00";
"03/2017";"2119 - PROGRAMA DE GESTAO E MANUTENCAO DO MINISTERIO DE MINAS E ENE";"4641 - PUBLICIDADE DE UTILIDADE PUBLICA";"306.502,51";"261.878,64";"261.878,64";"0,00";
"11/2017";"2111 - PROGRAMA DE GESTAO E MANUTENCAO DO MINISTERIO DO DESENVOLVIM";"4641 - PUBLICIDADE DE UTILIDADE PUBLICA";"0,00";"1.573.364,67";"1.082.954,83";"301.450,58";
"02/2017";"2122 - PROGRAMA DE GESTAO E MANUTENCAO DO MINISTERIO DO DESENVOLVIM";"4641 - PUBLICIDADE DE UTILIDADE PUBLICA";"0,00";"0,00";"0,00";"44.275,84";
"03/2017";"2111 - PROGRAMA DE GESTAO E MANUTENCAO DO MINISTERIO DO DESENVOLVIM";"4641 - PUBLICIDADE DE UTILIDADE PUBLICA";"22.000.000,00";"0,00";"0,00";"0,00";
"06/2017";"2111 - PROGRAMA DE GESTAO E MANUTENCAO DO MINISTERIO DO DESENVOLVIM";"4641 - PUBLICIDADE DE UTILIDADE PUBLICA";"0,00";"3.054.690,78";"2.024.619,90";"830.389,88";
"02/2017";"2111 - PROGRAMA DE GESTAO E MANUTENCAO DO MINISTERIO DO DESENVOLVIM";"4641 - PUBLICIDADE DE UTILIDADE PUBLICA";"0,00";"0,00";"0,00";"8.690,76";
"05/2017";"2111 - PROGRAMA DE GESTAO E MANUTENCAO DO MINISTERIO DO DESENVOLVIM";"4641 - PUBLICIDADE DE UTILIDADE PUBLICA";"14.218.844,00";"2.149.444,00";"2.453.211,72";"107.470,45";
"04/2017";"2111 - PROGRAMA DE GESTAO E MANUTENCAO DO MINISTERIO DO DESENVOLVIM";"4641 - PUBLICIDADE DE UTILIDADE PUBLICA";"0,00";"9.905.056,90";"9.601.289,18";"275.693,63";
"12/2017";"2111 - PROGRAMA DE GESTAO E MANUTENCAO DO MINISTERIO DO DESENVOLVIM";"4641 - PUBLICIDADE DE UTILIDADE PUBLICA";"0,00";"299.245,22";"299.245,22";"322.394,37";
"12/2017";"2122 - PROGRAMA DE GESTAO E MANUTENCAO DO MINISTERIO DO DESENVOLVIM";"4641 - PUBLICIDADE DE UTILIDADE PUBLICA";"20.000.000,00";"0,00";"0,00";"0,00";
"10/2017";"2122 - PROGRAMA DE GESTAO E MANUTENCAO DO MINISTERIO DO DESENVOLVIM";"4641 - PUBLICIDADE DE UTILIDADE PUBLICA";"- 3.750.000,00";"0,00";"0,00";"0,00";
"07/2017";"2111 - PROGRAMA DE GESTAO E MANUTENCAO DO MINISTERIO DO DESENVOLVIM";"4641 - PUBLICIDADE DE UTILIDADE PUBLICA";"0,00";"3.622.345,00";"4.152.887,52";"163.494,69";
"01/2017";"2122 - PROGRAMA DE GESTAO E MANUTENCAO DO MINISTERIO DO DESENVOLVIM";"4641 - PUBLICIDADE DE UTILIDADE PUBLICA";"3.750.000,00";"0,00";"0,00";"85.428,80";
"10/2017";"2111 - PROGRAMA DE GESTAO E MANUTENCAO DO MINISTERIO DO DESENVOLVIM";"4641 - PUBLICIDADE DE UTILIDADE PUBLICA";"5.000.000,00";"1.851,36";"815.957,32";"466.479,12";
"08/2017";"2111 - PROGRAMA DE GESTAO E MANUTENCAO DO MINISTERIO DO DESENVOLVIM";"4641 - PUBLICIDADE DE UTILIDADE PUBLICA";"- 5.000.000,00";"4.734.954,29";"4.130.673,45";"2.401,72";
"09/2017";"2111 - PROGRAMA DE GESTAO E MANUTENCAO DO MINISTERIO DO DESENVOLVIM";"4641 - PUBLICIDADE DE UTILIDADE PUBLICA";"0,00";"1.789.395,68";"1.579.570,56";"47.904,26";
"06/2017";"2123 - PROGRAMA DE GESTAO E MANUTENCAO DO MINISTERIO DO ESPORTE";"4641 - PUBLICIDADE DE UTILIDADE PUBLICA";"10.088.405,13";"1.195,67";"1.195,67";"2.441.662,80";
"12/2017";"2123 - PROGRAMA DE GESTAO E MANUTENCAO DO MINISTERIO DO ESPORTE";"4641 - PUBLICIDADE DE UTILIDADE PUBLICA";"0,00";"4.726.445,16";"4.730.272,61";"353.220,30";
"08/2017";"2123 - PROGRAMA DE GESTAO E MANUTENCAO DO MINISTERIO DO ESPORTE";"4641 - PUBLICIDADE DE UTILIDADE PUBLICA";"0,00";"282.538,31";"100.238,31";"709.755,01";
"01/2017";"2123 - PROGRAMA DE GESTAO E MANUTENCAO DO MINISTERIO DO ESPORTE";"4641 - PUBLICIDADE DE UTILIDADE PUBLICA";"0,00";"0,00";"0,00";"190.882,57";
"03/2017";"2123 - PROGRAMA DE GESTAO E MANUTENCAO DO MINISTERIO DO ESPORTE";"4641 - PUBLICIDADE DE UTILIDADE PUBLICA";"0,00";"0,00";"0,00";"3.030.999,78";
"02/2017";"2123 - PROGRAMA DE GESTAO E MANUTENCAO DO MINISTERIO DO ESPORTE";"4641 - PUBLICIDADE DE UTILIDADE PUBLICA";"1.514.594,87";"0,00";"0,00";"69.998,28";
"07/2017";"2123 - PROGRAMA DE GESTAO E MANUTENCAO DO MINISTERIO DO ESPORTE";"4641 - PUBLICIDADE DE UTILIDADE PUBLICA";"0,00";"582,83";"582,83";"2.552.120,62";
"09/2017";"2123 - PROGRAMA DE GESTAO E MANUTENCAO DO MINISTERIO DO ESPORTE";"4641 - PUBLICIDADE DE UTILIDADE PUBLICA";"0,00";"41.753,11";"221.480,00";"286.247,07";
"05/2017";"2123 - PROGRAMA DE GESTAO E MANUTENCAO DO MINISTERIO DO ESPORTE";"4641 - PUBLICIDADE DE UTILIDADE PUBLICA";"0,00";"43.502,10";"43.502,10";"3.992.612,52";
"04/2017";"2123 - PROGRAMA DE GESTAO E MANUTENCAO DO MINISTERIO DO ESPORTE";"4641 - PUBLICIDADE DE UTILIDADE PUBLICA";"0,00";"156.715,05";"156.715,05";"1.820.189,02";
"10/2017";"2123 - PROGRAMA DE GESTAO E MANUTENCAO DO MINISTERIO DO ESPORTE";"4641 - PUBLICIDADE DE UTILIDADE PUBLICA";"0,00";"300.543,71";"303.475,28";"1.154.851,85";
"11/2017";"2123 - PROGRAMA DE GESTAO E MANUTENCAO DO MINISTERIO DO ESPORTE";"4641 - PUBLICIDADE DE UTILIDADE PUBLICA";"14.734.844,00";"1.169.171,06";"1.164.985,15";"7.544,35";
"05/2017";"2125 - PROGRAMA DE GESTAO E MANUTENCAO DO MINISTERIO DO PLANEJAMENT";"4641 - PUBLICIDADE DE UTILIDADE PUBLICA";"3.000.000,00";"0,00";"0,00";"72.069,86";
"09/2017";"2125 - PROGRAMA DE GESTAO E MANUTENCAO DO MINISTERIO DO PLANEJAMENT";"4641 - PUBLICIDADE DE UTILIDADE PUBLICA";"- 597.466,19";"84.138,93";"32.735,43";"0,00";
"02/2017";"2125 - PROGRAMA DE GESTAO E MANUTENCAO DO MINISTERIO DO PLANEJAMENT";"4641 - PUBLICIDADE DE UTILIDADE PUBLICA";"0,00";"0,00";"0,00";"18.840,22";
"01/2017";"2125 - PROGRAMA DE GESTAO E MANUTENCAO DO MINISTERIO DO PLANEJAMENT";"4641 - PUBLICIDADE DE UTILIDADE PUBLICA";"435.000,00";"0,00";"0,00";"4.950,00";
"11/2017";"2125 - PROGRAMA DE GESTAO E MANUTENCAO DO MINISTERIO DO PLANEJAMENT";"4641 - PUBLICIDADE DE UTILIDADE PUBLICA";"- 435.000,00";"150.060,52";"308.307,23";"0,00";
"12/2017";"2125 - PROGRAMA DE GESTAO E MANUTENCAO DO MINISTERIO DO PLANEJAMENT";"4641 - PUBLICIDADE DE UTILIDADE PUBLICA";"0,00";"239.974,57";"239.974,57";"0,00";
"10/2017";"2125 - PROGRAMA DE GESTAO E MANUTENCAO DO MINISTERIO DO PLANEJAMENT";"4641 - PUBLICIDADE DE UTILIDADE PUBLICA";"0,00";"645.459,56";"564.117,10";"0,00";
"08/2017";"2125 - PROGRAMA DE GESTAO E MANUTENCAO DO MINISTERIO DO PLANEJAMENT";"4641 - PUBLICIDADE DE UTILIDADE PUBLICA";"0,00";"18.265,75";"0,00";"0,00";
"07/2017";"2125 - PROGRAMA DE GESTAO E MANUTENCAO DO MINISTERIO DO PLANEJAMENT";"4641 - PUBLICIDADE DE UTILIDADE PUBLICA";"0,00";"349.128,93";"341.893,93";"0,00";
"04/2017";"2126 - PROGRAMA DE GESTAO E MANUTENCAO DO MINISTERIO DOS TRANSPORTE";"4641 - PUBLICIDADE DE UTILIDADE PUBLICA";"0,00";"41.460,21";"41.460,21";"175.850,51";
"02/2017";"2126 - PROGRAMA DE GESTAO E MANUTENCAO DO MINISTERIO DOS TRANSPORTE";"4641 - PUBLICIDADE DE UTILIDADE PUBLICA";"299.799,00";"0,00";"0,00";"196.057,05";
"03/2017";"2126 - PROGRAMA DE GESTAO E MANUTENCAO DO MINISTERIO DOS TRANSPORTE";"4641 - PUBLICIDADE DE UTILIDADE PUBLICA";"299.799,00";"0,00";"0,00";"257.038,50";
"01/2017";"2126 - PROGRAMA DE GESTAO E MANUTENCAO DO MINISTERIO DOS TRANSPORTE";"4641 - PUBLICIDADE DE UTILIDADE PUBLICA";"299.799,00";"0,00";"0,00";"1.154,40";
"06/2017";"2126 - PROGRAMA DE GESTAO E MANUTENCAO DO MINISTERIO DOS TRANSPORTE";"4641 - PUBLICIDADE DE UTILIDADE PUBLICA";"0,00";"0,00";"0,00";"732.445,79";
"08/2017";"2126 - PROGRAMA DE GESTAO E MANUTENCAO DO MINISTERIO DOS TRANSPORTE";"4641 - PUBLICIDADE DE UTILIDADE PUBLICA";"0,00";"788.475,68";"1.392.539,70";"46.955,61";
"10/2017";"2126 - PROGRAMA DE GESTAO E MANUTENCAO DO MINISTERIO DOS TRANSPORTE";"4641 - PUBLICIDADE DE UTILIDADE PUBLICA";"39.926,00";"236.021,12";"236.021,12";"0,00";
"05/2017";"2126 - PROGRAMA DE GESTAO E MANUTENCAO DO MINISTERIO DOS TRANSPORTE";"4641 - PUBLICIDADE DE UTILIDADE PUBLICA";"4.100.603,00";"125.032,28";"125.032,28";"1.539.078,06";
"07/2017";"2126 - PROGRAMA DE GESTAO E MANUTENCAO DO MINISTERIO DOS TRANSPORTE";"4641 - PUBLICIDADE DE UTILIDADE PUBLICA";"0,00";"2.882.909,08";"2.276.372,08";"- 133.408,28";
"12/2017";"2126 - PROGRAMA DE GESTAO E MANUTENCAO DO MINISTERIO DOS TRANSPORTE";"4641 - PUBLICIDADE DE UTILIDADE PUBLICA";"0,00";"253.469,55";"253.469,55";"- 60.712,98";
"11/2017";"2126 - PROGRAMA DE GESTAO E MANUTENCAO DO MINISTERIO DOS TRANSPORTE";"4641 - PUBLICIDADE DE UTILIDADE PUBLICA";"0,00";"10.231,98";"10.231,98";"6.323,78";
"09/2017";"2126 - PROGRAMA DE GESTAO E MANUTENCAO DO MINISTERIO DOS TRANSPORTE";"4641 - PUBLICIDADE DE UTILIDADE PUBLICA";"0,00";"570.101,60";"572.574,58";"158.902,22";
"02/2017";"2071 - PROMOCAO DO TRABALHO DECENTE E ECONOMIA SOLIDARIA";"4641 - PUBLICIDADE DE UTILIDADE PUBLICA";"0,00";"0,00";"0,00";"80.624,50";
"05/2017";"2071 - PROMOCAO DO TRABALHO DECENTE E ECONOMIA SOLIDARIA";"4641 - PUBLICIDADE DE UTILIDADE PUBLICA";"0,00";"0,00";"0,00";"1.112.562,91";
"03/2017";"2071 - PROMOCAO DO TRABALHO DECENTE E ECONOMIA SOLIDARIA";"4641 - PUBLICIDADE DE UTILIDADE PUBLICA";"0,00";"0,00";"0,00";"2.106.672,64";
"04/2017";"2071 - PROMOCAO DO TRABALHO DECENTE E ECONOMIA SOLIDARIA";"4641 - PUBLICIDADE DE UTILIDADE PUBLICA";"0,00";"0,00";"0,00";"619.662,22";
"06/2017";"2071 - PROMOCAO DO TRABALHO DECENTE E ECONOMIA SOLIDARIA";"4641 - PUBLICIDADE DE UTILIDADE PUBLICA";"0,00";"0,00";"0,00";"59.740,64";
"10/2017";"2071 - PROMOCAO DO TRABALHO DECENTE E ECONOMIA SOLIDARIA";"4641 - PUBLICIDADE DE UTILIDADE PUBLICA";"0,00";"0,00";"0,00";"6.911,73";
"01/2017";"2071 - PROMOCAO DO TRABALHO DECENTE E ECONOMIA SOLIDARIA";"4641 - PUBLICIDADE DE UTILIDADE PUBLICA";"0,00";"0,00";"0,00";"1.096.715,00";
"12/2017";"2044 - PROMOCAO DOS DIREITOS DA JUVENTUDE";"4641 - PUBLICIDADE DE UTILIDADE PUBLICA";"1.500.000,00";"0,00";"0,00";"0,00";
